column;columnA;columnB;columnC;columnD;otherColumn
;here is some value 1;columnB;14;11;
;here is some value 2;columnB;46;32;
;here is some value 3;columnB;50;53
;here is some value 4;columnB;10;49;
;here is some value 5;columnB;5;21;
;here is some value 6;columnB;33;39;
;here is some value 7;columnB;45;53;
;here is some value 8;columnB;59;47
;here is some value 9;columnB;13;35;
;here is some value 10;columnB;41;42;test
;here is some value 11;columnB;58;59;
;here is some value 12;columnB;20;41;
;here is some value 13;columnB;22;#number;
;here is some value 14;columnB;58;25;
;here is some value 15;columnB;24;59;
;here is some value 16;columnB;0;0;
;here is some value 17;columnB;32;36;
;here is some value 18;columnB;37;48;
;here is some value 19;columnB;35;24;
;here is some value 20;columnB;3;32;
;here is some value 21;columnB;54;4;
;here is some value 22;columnB;42;37;
;here is some value 23;columnB;45;11;
;here is some value 24;columnB;20;57;
;here is some value 25;columnB;1;5;
;here is some value 26;columnB;21;57;
;here is some value 27;columnB;29;14;
;here is some value 28;columnB;2;48;
;here is some value 29;columnB;43;29;
;here is some value 30;columnB;29;1;
;here is some value 31;columnB;12;23;
;here is some value 32;columnB;4;19;
;here is some value 33;columnB;55;66;
;here is some value 34;columnB;32;50;
;here is some value 35;columnB;60;0;
;here is some value 36;columnB;28;47;
;here is some value 37;columnB;48;29;
;here is some value 38;columnB;31;20;
;here is some value 39;columnB;60;70;
;here is some value 40;columnB;20;8;
;here is some value 41;columnB;56;63;
;here is some value 42;columnB;65;39;
;here is some value 43;columnB;8;55;
;here is some value 44;columnB;66;29
;here is some value 45;columnB;41;43;
;here is some value 46;columnB;0;13;
;here is some value 47;columnB;1;56;
;here is some value 48;columnB;35;42;
;here is some value 49;columnB;44;34;
;here is some value 50;columnB;24;54;
;here is some value 51;columnB;60;0;
;here is some value 52;columnB;38;11;
;here is some value 53;columnB;40;44;
;here is some value 54;columnB;5;25;
;here is some value 55;columnB;24;57;
;here is some value 56;columnB;48;60;
;here is some value 57;columnB;34;2;
;here is some value 58;columnB;37;27;
;here is some value 59;columnB;43;26;
;here is some value 60;columnB;33;57;
;here is some value 61;columnB;2;16;
;here is some value 62;columnB;65;26;
;here is some value 63;columnB;35;68;
;here is some value 64;columnB;44;29;
;here is some value 65;columnB;20;8;
;here is some value 66;columnB;3;2;
;here is some value 67;columnB;37;52;
;here is some value 68;columnB;69;28;
;here is some value 69;columnB;68;17;
;here is some value 70;columnB;29;63;
;here is some value 71;columnB;29;67;
;here is some value 72;columnB;28;70;
;here is some value 73;columnB;29;61;
;here is some value 74;columnB;7;49;
;here is some value 75;columnB;68;39;
;here is some value 76;columnB;11;19;
;here is some value 77;columnB;65;61;
;here is some value 78;columnB;57;49;
;here is some value 79;columnB;3;18;
;here is some value 80;columnB;27;21;
;here is some value 81;columnB;61;11;
;here is some value 82;columnB;59;52;
;here is some value 83;columnB;50;34;
;here is some value 84;columnB;57;4;
;here is some value 85;columnB;52;39;
;here is some value 86;columnB;42;21;
;here is some value 87;columnB;40;2;
;here is some value 88;columnB;39;69;
;here is some value 89;columnB;22;6;
;here is some value 90;columnB;19;68;
;here is some value 91;columnB;45;8;
;here is some value 92;columnB;26;40;
;here is some value 93;columnB;40;40;
;here is some value 94;columnB;18;29;
;here is some value 95;columnB;52;37;
;here is some value 96;columnB;20;10;
;here is some value 97;columnB;21;50;
;here is some value 98;columnB;62;40;
;here is some value 99;columnB;5;29;
;here is some value 100;columnB;34;58;
;here is some value 101;columnB;65;31;
;here is some value 102;columnB;53;17;
;here is some value 103;columnB;42;9;
;here is some value 104;columnB;24;48;
;here is some value 105;columnB;68;37;
;here is some value 106;columnB;64;36;
;here is some value 107;columnB;68;37;
;here is some value 108;columnB;25;42;
;here is some value 109;columnB;67;27;
;here is some value 110;columnB;68;16;
;here is some value 111;columnB;58;48;
;here is some value 112;columnB;18;37;
;here is some value 113;columnB;67;15;
;here is some value 114;columnB;68;40;
;here is some value 115;columnB;63;4;
;here is some value 116;columnB;18;58;
;here is some value 117;columnB;59;13;
;here is some value 118;columnB;17;34;
;here is some value 119;columnB;45;17;
;here is some value 120;columnB;21;59;
;here is some value 121;columnB;46;70;
;here is some value 122;columnB;40;0;
;here is some value 123;columnB;4;59;
;here is some value 124;columnB;57;4;
;here is some value 125;columnB;31;9;
;here is some value 126;columnB;70;29;
;here is some value 127;columnB;51;47;
;here is some value 128;columnB;18;9;
;here is some value 129;columnB;30;46;
;here is some value 130;columnB;38;27;
;here is some value 131;columnB;66;12;
;here is some value 132;columnB;22;31;
;here is some value 133;columnB;26;47;
;here is some value 134;columnB;22;32;
;here is some value 135;columnB;25;56;
;here is some value 136;columnB;8;7;
;here is some value 137;columnB;43;67;
;here is some value 138;columnB;43;44;
;here is some value 139;columnB;15;3;
;here is some value 140;columnB;69;35;
;here is some value 141;columnB;3;50;
;here is some value 142;columnB;25;19;
;here is some value 143;columnB;5;10;
;here is some value 144;columnB;8;58;
;here is some value 145;columnB;56;62;
;here is some value 146;columnB;10;0;
;here is some value 147;columnB;48;2;
;here is some value 148;columnB;12;50;
;here is some value 149;columnB;29;20;
;here is some value 150;columnB;50;60;
;here is some value 151;columnB;15;15;
;here is some value 152;columnB;20;62;
;here is some value 153;columnB;66;42;
;here is some value 154;columnB;16;56;
;here is some value 155;columnB;20;1;
;here is some value 156;columnB;56;8;
;here is some value 157;columnB;48;26;
;here is some value 158;columnB;47;21;
;here is some value 159;columnB;69;40;
;here is some value 160;columnB;7;39;
;here is some value 161;columnB;1;1;
;here is some value 162;columnB;70;29;
;here is some value 163;columnB;43;36;
;here is some value 164;columnB;65;25;
;here is some value 165;columnB;29;14;
;here is some value 166;columnB;35;10;
;here is some value 167;columnB;26;16;
;here is some value 168;columnB;48;31;
;here is some value 169;columnB;26;59;
;here is some value 170;columnB;44;58;
;here is some value 171;columnB;33;62;
;here is some value 172;columnB;11;59;
;here is some value 173;columnB;7;7;
;here is some value 174;columnB;32;50;
;here is some value 175;columnB;15;52;
;here is some value 176;columnB;11;48;
;here is some value 177;columnB;5;8;
;here is some value 178;columnB;63;34;
;here is some value 179;columnB;61;2;
;here is some value 180;columnB;40;68;
;here is some value 181;columnB;0;2;
;here is some value 182;columnB;8;46;
;here is some value 183;columnB;64;41;
;here is some value 184;columnB;49;0;
;here is some value 185;columnB;39;3;
;here is some value 186;columnB;62;20;
;here is some value 187;columnB;3;62;
;here is some value 188;columnB;48;12;
;here is some value 189;columnB;50;49;
;here is some value 190;columnB;30;24;
;here is some value 191;columnB;66;29;
;here is some value 192;columnB;31;70;
;here is some value 193;columnB;28;44;
;here is some value 194;columnB;63;36;
;here is some value 195;columnB;28;14;
;here is some value 196;columnB;41;30;
;here is some value 197;columnB;54;35;
;here is some value 198;columnB;3;7;
;here is some value 199;columnB;25;46;
;here is some value 200;columnB;24;54;
;here is some value 201;columnB;70;4;
;here is some value 202;columnB;65;63;
;here is some value 203;columnB;63;58;
;here is some value 204;columnB;47;14;
;here is some value 205;columnB;2;1;
;here is some value 206;columnB;67;36;
;here is some value 207;columnB;46;57;
;here is some value 208;columnB;9;49;
;here is some value 209;columnB;16;28;
;here is some value 210;columnB;47;55;
;here is some value 211;columnB;12;49;
;here is some value 212;columnB;3;1;
;here is some value 213;columnB;3;31;
;here is some value 214;columnB;21;7;
;here is some value 215;columnB;24;19;
;here is some value 216;columnB;19;16;
;here is some value 217;columnB;38;45;
;here is some value 218;columnB;70;66;
;here is some value 219;columnB;8;15;
;here is some value 220;columnB;23;8;
;here is some value 221;columnB;2;53;
;here is some value 222;columnB;36;53;
;here is some value 223;columnB;10;0;
;here is some value 224;columnB;40;43;
;here is some value 225;columnB;52;51;
;here is some value 226;columnB;69;30;
;here is some value 227;columnB;36;52;
;here is some value 228;columnB;57;56;
;here is some value 229;columnB;62;69;
;here is some value 230;columnB;50;22;
;here is some value 231;columnB;36;65;
;here is some value 232;columnB;11;51;
;here is some value 233;columnB;67;28;
;here is some value 234;columnB;16;4;
;here is some value 235;columnB;65;35;
;here is some value 236;columnB;63;3;
;here is some value 237;columnB;61;44;
;here is some value 238;columnB;19;56;
;here is some value 239;columnB;19;58;
;here is some value 240;columnB;18;60;
;here is some value 241;columnB;33;37;
;here is some value 242;columnB;36;13;
;here is some value 243;columnB;65;31;
;here is some value 244;columnB;19;52;
;here is some value 245;columnB;19;33;
;here is some value 246;columnB;45;19;
;here is some value 247;columnB;10;63;
;here is some value 248;columnB;11;39;
;here is some value 249;columnB;38;29;
;here is some value 250;columnB;53;7;
;here is some value 251;columnB;61;30;
;here is some value 252;columnB;24;18;
;here is some value 253;columnB;38;21;
;here is some value 254;columnB;64;58;